#{"t_start": 1782217699.9683669, "env_id": "None"}
r,l,t,is_success,progress,recent_rmse,distance,on_wall
-0.865793,120,6.170024,False,0.13822637533994156,0.08558233984535354,0.08819225352100431,True
-0.983053,120,10.376629,False,0.008132973844118206,0.09837790689778797,0.09677887319920093,True
-0.487329,120,14.109845,False,0.02643871582520447,0.06205722027094105,0.0975365720064953,True
-0.43779,120,18.079736,False,0.031090758521768312,0.03227371632546878,0.04788216957844085,True
-0.54383,120,21.595791,False,0.027010055633439976,0.05984646626140856,0.042841293081202894,True
-0.776267,120,25.163623,False,0.0,0.048764285991064776,0.03154439897110967,True
-0.506329,120,28.118711,False,0.008300031434427991,0.02218083560457969,0.01513860801958722,True
-0.930417,120,31.549682,False,0.030719525670054097,0.10215862840122936,0.11503326952050541,True
8.268041,120,37.795722,False,0.5941489551789981,0.044396869235984744,0.013761642391267821,True
22.795465,96,43.318395,True,0.9878264226023635,0.024222883144516903,0.03324556054315791,True
16.442419,120,50.678633,False,0.8391361461642238,0.032468261227233765,7.742991221496994e-05,True
21.462232,85,55.663852,True,0.9860852289891705,0.016032272524495704,0.029079429510860646,True
16.030773,120,63.219003,False,0.8207936704863019,0.021783609380720884,0.016441626427149178,True
22.61368,91,69.48242,True,0.9886435255455182,0.02189918860376175,0.021596926323334462,True
15.341607,120,77.456063,False,0.46181600505856624,0.017211627843381715,0.015940876269984482,True
21.853508,84,82.823353,True,0.9898157905754756,0.01867890774787518,0.017636955382706404,True
16.409671,120,90.797362,False,0.8089045578814488,0.02687519224656696,0.026586761329960032,True
15.753708,120,97.895084,False,0.9135253569720089,0.025193316081292428,0.030335628978618162,True
15.384579,120,105.507331,False,0.6459335054714317,0.029100901982571904,0.010858269294387268,True
14.946112,120,112.101712,False,0.7202061141752566,0.04313680410063281,0.03271335623140953,True
13.358998,120,118.309852,False,0.8707420431494733,0.11299728996977716,0.1467406044419328,True
16.817024,120,123.7524,False,0.9063604013133311,0.022460157162410236,0.005180325918891865,True
21.994082,93,128.060488,True,0.9908246118295905,0.010365098690875145,0.01823889032907304,True
15.765487,120,133.791894,False,0.671264570930162,0.036587358796316,0.02696109533934494,True
25.149023,108,138.94072,True,0.9912337662808187,0.01963402749738949,0.0028380288190422613,True
15.968299,120,144.590915,False,0.8964157328617054,0.025244729276477577,0.02875905156009917,True
19.545034,70,147.745696,True,0.9966626765151565,0.02220382033420694,0.019298269533222553,True
14.987391,120,153.29457,False,0.4494915980366913,0.05626745826756662,0.05052986493715536,True
16.405536,120,158.882287,False,0.781055093842668,0.023324158391814113,0.004460778259323093,True
16.040816,120,164.521844,False,0.8485842991732062,0.013820623064137293,0.008429318354785874,True
25.301783,112,169.789841,True,0.9862549388315806,0.021877681112258556,0.021700728634629234,True
15.192236,120,175.472089,False,0.5674099346757128,0.027403258040591877,0.03445405756516021,True
16.004668,120,180.954896,False,0.5586083507798184,0.020474740104815634,0.01202461417919599,True
15.81726,120,186.774518,False,0.7421246107206553,0.04565526343163034,0.024140120785447916,True
15.574355,120,192.508918,False,0.5295156725999696,0.022354629938322133,0.00021406850476057967,True
15.75416,120,198.404568,False,0.8449232451344548,0.024919492119558975,0.020571745151471792,True
16.424649,120,204.265079,False,0.9713860909980078,0.02818677137122732,0.03198356220376399,True
15.793762,120,209.510406,False,0.7016489243286939,0.02558135171035743,0.015551132992095497,True
15.679624,120,215.393745,False,0.499906388812856,0.021932713933071366,0.026535258176665452,True
16.100777,120,221.229266,False,0.6328289528575219,0.015629481548560142,0.023583016046904434,True
15.635394,120,227.082995,False,0.5936160179327703,0.028320374208437714,0.006305892917563446,True
16.112156,120,232.895986,False,0.5837629328279991,0.013645311859477349,0.008182723352430052,True
16.585186,120,238.824643,False,0.9750493640845237,0.012078803743730085,0.01596702502969942,True
15.352627,120,244.97174,False,0.9454918656824188,0.020548408007597586,0.026724551345442386,True
15.641098,120,251.148687,False,0.6844853453884424,0.01819991066842964,0.02576243470809382,True
15.694095,120,257.475834,False,0.46319515369534775,0.022702843182348272,0.019444367569585192,True
15.768255,120,263.674164,False,0.8371432551756741,0.012439995898807956,0.015882903679519243,True
16.402322,120,269.733638,False,0.9434099642904812,0.01683543753233805,0.0275346879657814,True
15.831933,120,275.926496,False,0.7699513815323564,0.024432422548379608,0.029696169098722983,True
15.26535,120,282.084039,False,0.5930132567237143,0.02721943476317061,0.010696720283924094,True
25.201438,110,287.876879,True,0.9880867090501719,0.010099390563468839,0.0009759958032586107,True
15.39943,120,294.123223,False,0.6868652222784,0.0060436735764052806,0.009261909649674186,True
16.002525,120,299.833132,False,0.9597692448238351,0.038037048873190364,0.032595314275155246,True
16.280813,120,305.538833,False,0.8090244050984042,0.010393453996932369,0.012530112601793094,True
16.333559,120,311.295439,False,0.8755276532129754,0.011881979850103485,0.00911017330180208,True
15.740433,120,317.30658,False,0.6382648436173162,0.01406863808423562,0.01667635816180289,True
15.686407,120,323.199674,False,0.7381539354290271,0.020333481457249992,0.001959888661159654,True
16.150899,120,328.922876,False,0.6233289441878442,0.02098172695829943,0.006898926957094915,True
15.598822,120,335.268043,False,0.7054052849603374,0.02293828564238277,0.03061443591349645,True
24.289008,103,340.349419,True,0.9854792319974881,0.027758053275352298,0.03181061262347329,True
15.450913,120,346.302561,False,0.6891913504259534,0.011117844787924198,0.004321314786725603,True
15.493373,120,352.192161,False,0.36777036949604697,0.0122890772891024,0.02233036449979014,True
15.831081,120,358.762402,False,0.7659337229648673,0.01313985740753931,0.0050745511818722075,True
15.870152,120,364.279069,False,0.44261269549651755,0.03048721699867888,0.031131110446263446,True
16.432291,120,369.808671,False,0.7816488890363245,0.02904365459326501,0.0028316312537240004,True
16.725511,120,375.536728,False,0.953451333728535,0.015851320566431057,0.014229302660915556,True
23.697735,106,380.512588,True,0.9861052705767906,0.010999455597301066,0.007375915903628976,True
15.229353,120,385.996746,False,0.5379088737121018,0.03212435289239157,0.03988052707581071,True
16.062679,120,391.504103,False,0.6826866914849824,0.0193572781762644,0.011940759976789195,True
15.496776,120,397.623866,False,0.6185171540776826,0.03849719297351465,0.039626611317397656,True
16.198544,120,403.11559,False,0.5782805027329203,0.027828767681555743,0.03339186472161869,True
23.238343,98,407.706941,True,0.9855664673598937,0.008183294843471186,0.005116017545362062,True
15.867868,120,413.196389,False,0.6886725780881666,0.02156406242713508,0.006329308059917732,True
23.364607,98,417.681183,True,0.9863582931525359,0.03625463705917405,0.016020049191006594,True
25.444588,112,422.928191,True,0.9904883534807314,0.006113763834538267,0.000748765030570159,True
23.761252,101,427.832323,True,0.9872638496894277,0.021188194001197588,0.014497634169072657,True
16.554338,120,433.775096,False,0.7030692585940513,0.01612942614953385,0.001698079497168425,True
15.662489,120,439.696395,False,0.5471742857924625,0.013923105533541036,0.021136791227375905,True
15.703097,120,445.305782,False,0.5699749295381091,0.010787155422559203,0.01760048961751528,True
15.701299,120,450.946187,False,0.6141537072150003,0.038181604084951005,0.03589146718688792,True
23.282873,96,455.582936,True,0.9912730668164428,0.02527498133992359,0.02804801490715173,True
16.182947,120,461.296809,False,0.6474656175782508,0.01374577587949273,0.018971557675451563,True
16.387341,120,467.120895,False,0.9230257934153615,0.0314928580746964,0.02500376080848107,True
15.522785,120,472.910108,False,0.976650117862065,0.029804865792827945,0.017646959938459814,True
24.99123,113,478.40266,True,0.9853509598854049,0.01136267405727494,0.0030276608403645845,True
14.992889,120,484.569657,False,0.7504734097673916,0.015861304391880368,0.01609243988795434,True
15.42555,120,728.889757,False,0.6060016175419236,0.016431657580145236,0.03514532937970997,True
16.037365,120,735.367511,False,0.5653063617392031,0.014818408744202639,0.019697229258805193,True
16.75944,120,741.682225,False,0.9091025296540995,0.013314477069110566,0.011607339179559483,True
15.639697,120,747.728725,False,0.7469417190141373,0.024891093636973,0.021395556117093685,True
16.288311,120,754.014349,False,0.9707605126239782,0.01223703841436274,0.002747439271400926,True
16.02578,120,760.488617,False,0.4045247409974392,0.027724724815675433,0.043128200069410594,True
15.416953,120,766.910316,False,0.6623933143757242,0.01881420423085608,0.013694404187827493,True
15.042996,120,772.738374,False,0.5404476020524218,0.032345155394463476,0.03266978218244688,True
23.020114,102,777.982301,True,0.9878209843125553,0.0340910567547222,0.012064013386268023,True
25.912805,116,783.714457,True,0.991106920764568,0.012392893819459325,0.027664475988088338,True
15.517988,120,789.856648,False,0.8078980051941418,0.012732005832113319,0.014355651609424059,True
15.411624,120,796.310559,False,0.5428166198298077,0.024458492144911373,0.0016200994460674502,True
15.558749,120,801.985134,False,0.5414208185140869,0.020627861539832024,0.009461583722761447,True
16.311576,120,807.744599,False,0.7910684151776397,0.02488194077741433,0.022062429659629807,True
15.232582,120,813.647378,False,0.48776287115934125,0.03686424260357732,0.042078459032974226,True
16.475937,120,819.713584,False,0.7497671224025518,0.03083919027716766,0.02400196269216222,True
16.571598,120,825.76032,False,0.8643631836983708,0.022398877583596388,0.01976396941489438,True
16.678712,120,831.236298,False,0.9230697637271801,0.013450787614593626,0.008171114714457046,True
15.654943,120,837.124305,False,0.5615986005037185,0.045062084889704014,0.052142528260098533,True
15.526343,120,842.92872,False,0.766967795541395,0.025322773534715192,0.021452665509193447,True
24.920902,113,848.448946,True,0.9855838819910898,0.016027094691191627,0.027130691489256734,True
15.837295,120,854.373699,False,0.5544081908581256,0.03468380055498122,0.04964431184471963,True
16.488935,120,860.231924,False,0.7269135694500475,0.02482392074203543,0.011532986469881783,True
16.135721,120,865.659563,False,0.5806322574162125,0.016382262645787574,0.02871811460655985,True
16.186569,120,871.437759,False,0.8091156002760789,0.02879330713971272,0.011127570605687592,True
15.522848,120,877.307096,False,0.4110224315360354,0.011995549698543847,0.02571610856196763,True
15.995123,120,883.072694,False,0.6504692906858874,0.032055013216449754,0.03282793521331584,True
15.535423,120,888.990483,False,0.6222497793324374,0.03841087189991427,0.035855714564825565,True
15.296268,120,894.385672,False,0.5619400094173526,0.02821474082988024,0.04602637590642659,True
15.541474,120,901.762542,False,0.673697443553897,0.04442350453480743,0.04319484773117648,True
15.32166,120,909.202995,False,0.33136520721185725,0.029023246195259842,0.014685022587789365,True
15.284863,120,916.607595,False,0.48478006428448284,0.01655512436983397,0.020535954100164438,True
16.575043,120,923.961642,False,0.7025843767156843,0.00716068778474314,0.009513967896218353,True
23.471705,104,930.182831,True,0.9861633121517023,0.018812415346648386,0.009501649392902272,True
20.940883,78,934.109752,True,0.9932750124696758,0.019031449585370935,0.007999315448555734,True
21.686233,85,938.376574,True,0.9897438750110439,0.0282619381509461,0.02984997986896182,True
25.805426,113,944.152883,True,0.9855060767166439,0.013057115123206875,0.0008662767527125757,True
15.667421,120,949.573369,False,0.783991639171951,0.024467286939186882,0.019744694706035303,True
16.541006,120,955.609389,False,0.7291596385147507,0.008145893329540903,0.00803185008480733,True
15.813963,120,963.175581,False,0.5786891630074642,0.01766776649694684,0.027877163065677606,True
15.858381,120,970.594204,False,0.6285270620524532,0.02943489019563119,0.034944339277652364,True
16.11175,120,977.036188,False,0.6001706836319565,0.029602540635687624,0.026328623117667052,True
16.502926,120,982.816685,False,0.687582551185247,0.02902844100488589,0.03392184215553247,True
25.169552,112,988.754854,True,0.9876835196492227,0.02530409896631765,0.0009480833096108127,True
21.853192,89,993.489398,True,0.9875097249941407,0.02110841496140287,0.028328465296497882,True
22.017448,93,998.524305,True,0.9890091076025052,0.019593392470024843,0.020547999132795106,True
15.94615,120,1004.897872,False,0.45624403869389024,0.0053003732870173115,0.014562433030813553,True
24.95728,107,1010.137288,True,0.985392112736679,0.019131710533772314,0.018240878707891508,True
16.109386,120,1016.588352,False,0.760028872610909,0.016254916888076665,0.024362640353243835,True
16.05396,120,1022.770784,False,0.5652015707534491,0.02316142743741012,0.02343920423139869,True
15.648153,120,1028.892329,False,0.6288822397802557,0.02946647382579334,0.022512570805457953,True
16.957972,120,1035.062632,False,0.9761497814461457,0.007761033410313935,0.012389340848770332,True
26.088119,117,1040.461247,True,0.9875191455807797,0.01131498939889203,0.017268941506630334,True
24.337186,104,1045.628399,True,0.9892320418478676,0.011878580312328212,0.024313468631807778,True
16.1429,120,1051.762059,False,0.5273018878526028,0.01762431614526629,0.03409655112399174,True
15.974532,120,1057.987795,False,0.9695594726411316,0.01486146267648288,0.01432784041337356,True
16.50288,120,1064.051895,False,0.8150286115163412,0.02108296715371567,0.01465598702242753,True
26.373635,117,1069.453563,True,0.989656125617769,0.007977426337933406,0.01712112904007993,True
23.225467,94,1074.229644,True,0.990667338079631,0.024042854400488475,0.0187715348016361,True
25.162093,110,1079.647089,True,0.9862515623586814,0.021386333006625506,0.026284317884449248,True
16.8258,120,1085.598305,False,0.863551692995652,0.011619922610518628,0.025573754159055804,True
15.941006,120,1091.391577,False,0.622298428235878,0.021128243997983704,0.019246267895436556,True
16.352385,120,1096.720448,False,0.8878694502038372,0.013514520048304687,0.018775161504288495,True
16.227687,120,1102.500046,False,0.7324172784747591,0.030949209318813797,0.032740076352441506,True
15.514509,120,1108.475145,False,0.8146050355935696,0.025802835450856133,0.017754017481649197,True
16.186942,120,1114.237668,False,0.7207735144238506,0.011732028144795442,0.015499306870671904,True
19.354291,68,1117.555626,True,0.9999999519893713,0.03979743182505917,0.017437759260153212,True
22.213264,89,1121.923116,True,0.9907860650838244,0.010218032768016768,0.013946156194100516,True
16.336878,120,1127.235478,False,0.9369237284792975,0.013096493228302137,0.018519777903743994,True
16.310249,120,1133.076114,False,0.9343303733059447,0.02228948962755011,0.026174802565326574,True
16.227273,120,1139.140859,False,0.748066003563479,0.03060718842747628,0.031174869445864496,True
16.17748,120,1145.088338,False,0.4580345994229954,0.008967094026741321,0.012660797116331467,True
15.585124,120,1151.038553,False,0.3664588469323942,0.021477029324023404,0.019581838083762574,True
16.43159,120,1156.379356,False,0.8060804821807067,0.004817121550512358,0.0015457818406768137,True
16.342636,120,1162.324477,False,0.8357388232661432,0.020801713509973774,0.01952382861567409,True
16.242445,120,1168.369468,False,0.6187447752318398,0.02363592132072823,0.01264380912317971,True
16.174576,120,1174.349809,False,0.842563928578306,0.02661842137046134,0.02806844142364633,True
22.033086,85,1178.640913,True,0.9919042594679862,0.02095200880515009,0.019247951102490772,True
16.511941,120,1184.642749,False,0.829976090006902,0.024178065185942677,0.023703759124861872,True
15.567784,120,1190.296348,False,0.48418234098484525,0.00941827423952436,0.020598040724837882,True
16.22995,120,1196.308817,False,0.5536034885837179,0.01755995720243623,0.030460371382432662,True
16.108965,120,1203.124794,False,0.9086325101105255,0.014023375779244607,0.008319489021446096,True
16.258018,120,1209.753125,False,0.7518076745608996,0.014956396621089997,0.02144317057396717,True
21.384114,87,1214.435193,True,0.9908491940321587,0.00420204708125877,0.0023202916688774425,True
16.457317,120,1220.247026,False,0.8878298034338942,0.010391022636204094,0.01120141047260248,True
15.619268,120,1226.781924,False,0.358837381187335,0.003911691146894997,0.005769205551951763,True
15.877211,120,1233.185046,False,0.6423342912220961,0.012154453539605013,0.016177122137572646,True
15.806257,120,1473.338462,False,0.4366305688645277,0.0152662472442607,0.01713692470355066,True
16.198225,120,1479.787967,False,0.46499083073576364,0.022921347682737906,0.005169396010579459,True
15.510145,120,1485.940032,False,0.8202272899504438,0.021919371775301243,0.021887168613703805,True
16.829124,120,1492.32449,False,0.9740622403476591,0.023509879524568723,0.012874182166419378,True
15.838985,120,1498.958926,False,0.6727115486988022,0.017831085583898613,0.0015513349928948164,True
16.250414,120,1504.922867,False,0.9313064616018186,0.020583682636257535,0.0251668925508441,True
15.381533,120,1512.013278,False,0.36485719651978105,0.01235439869190892,0.0186250222984938,True
16.594612,120,1519.489523,False,0.6986319816696019,0.013874182922603248,0.006253788852770381,True
25.395453,107,1525.163958,True,0.9854891726737887,0.01387644737423158,0.016733762560141887,True
15.941777,120,1531.259316,False,0.3961613213777415,0.008341059500624285,0.01277242560094144,True
15.641419,120,1537.456887,False,0.6132637082145035,0.013220851496355202,0.02670914114737691,True
15.342112,120,1543.274262,False,0.6095498850691367,0.019375082007618956,0.01964551916497373,True
16.575594,120,1549.426227,False,0.9247067663794925,0.014219149684978682,0.015795049610449266,True
16.600843,120,1555.543233,False,0.8692160013608967,0.021054904065082276,0.013262966295373966,True
15.911225,120,1560.758256,False,0.6661450096142915,0.017920722184576122,0.010767842382887338,True
24.202775,107,1566.050589,True,0.9887473556616886,0.011541670171017739,0.016953245526875268,True
22.897086,95,1570.742864,True,0.9880637789683533,0.023431034459484197,0.010789226295271199,True
16.668257,120,1576.989644,False,0.8235439728281507,0.007157462489041233,0.0026329828066570774,True
16.958185,120,1583.550462,False,0.8035504840309302,0.03775446024063835,0.03405408100228091,True
16.192669,120,1590.511859,False,0.6072180819451112,0.008972022210004931,0.015684757095553083,True
15.397122,120,1596.941087,False,0.4063840493306932,0.010450653879088183,0.012446241071049411,True
15.892832,120,1602.734138,False,0.5970850875360696,0.018069962518273405,0.03334557327870152,True
25.086578,115,1608.456026,True,0.9864405188417805,0.03249213743198507,0.038644905626712925,True
23.976548,101,1613.295024,True,0.9942024479743704,0.008213183521728692,0.0111285631384875,True
16.101357,120,1618.619097,False,0.5818294631305789,0.007659637969480349,0.0059158845093436555,True
16.638232,120,1625.024987,False,0.7376084592539137,0.02023840655089662,0.01835216482610241,True
16.010998,120,1632.037971,False,0.6642294897531573,0.003827668285408055,0.0019766735507559525,True
15.934888,120,1638.749987,False,0.5192310952670998,0.0139833936137234,0.011045052151500173,True
16.41268,120,1644.674774,False,0.7658086099427378,0.020982604281855107,0.008584680462009907,True
21.902545,85,1648.970566,True,0.9904785163907955,0.02549255227666863,0.020013389329815355,True
15.966416,120,1654.913731,False,0.3972527090797927,0.00528759445975086,0.011481924201744518,True
24.985876,109,1660.446179,True,0.9865966197778154,0.017697244673574145,0.024568554476592713,True
16.154565,120,1666.418417,False,0.7909735637058979,0.027024948786704115,0.02260752749297121,True
21.566508,91,1670.95997,True,0.987492434136944,0.02129677941207713,0.003670468326834599,True
15.943981,120,1677.119523,False,0.47264095078003127,0.010568508817639207,0.01850372458274112,True
15.943674,120,1683.509623,False,0.504722510180366,0.013587566595084736,0.026008638725128923,True
16.33675,120,1689.778381,False,0.7232459932693951,0.017666495301057475,0.005878966914744919,True
16.055806,120,1696.188574,False,0.7295628609746282,0.01494544393510166,0.024896434224603706,True
15.854575,120,1702.580974,False,0.4434223083686212,0.0255961101551986,0.03654905727443859,True
16.011591,120,1708.922452,False,0.7027943254617525,0.008737167473355954,0.004043775911809118,True
23.034156,91,1713.823606,True,0.9921969765525406,0.02499619616084233,0.023285113396891165,True
25.972627,116,1719.948508,True,0.9880386639452703,0.0037507812240193273,0.00025306318613597733,True
16.159273,120,1726.364399,False,0.7829091266402008,0.007542783427917255,0.016177207198432634,True
25.567677,111,1732.185791,True,0.9923764128745604,0.005357619911602228,0.008133015414197033,True
21.306748,80,1736.394214,True,0.9868625045581452,0.015624622280685554,0.0031969375850569672,True
16.484602,120,1742.453209,False,0.7352501736843047,0.03869352342551288,0.044521768192286156,True
15.815774,120,1748.166022,False,0.4553886657967768,0.014718769577939475,0.014982681799783609,True
16.314123,120,1754.115826,False,0.7229166945649076,0.017808138579523274,0.007493243873957947,True
16.308402,120,1760.157866,False,0.6894172880053593,0.014734973084364732,0.005578912649917171,True
16.192863,120,1766.394409,False,0.5384708179372549,0.004130565379301029,0.007037404962764936,True
24.830073,107,1772.273036,True,0.9859205406199177,0.021029561759661662,0.00041739814327317065,True
23.561297,98,1777.27372,True,0.9892993018754813,0.006509450633843891,0.004432955476654742,True
15.610967,120,1782.937097,False,0.6093322625328778,0.007740800912929878,0.009287075364156986,True
15.940347,120,1789.025248,False,0.7584728741938093,0.023677783963288165,0.010023219734382534,True
22.427078,91,1793.549013,True,0.9857273394945409,0.018636771224957657,0.005440414237757809,True
16.202955,120,1799.439069,False,0.5734639922220867,0.007566888728319242,0.01200210552927709,True
15.909734,120,1805.225567,False,0.6820997924397448,0.02171437476104852,0.021340080922464547,True
16.417172,120,1810.73668,False,0.5847407445387006,0.02717676217596215,0.02406958705497213,True
16.582428,120,1816.503978,False,0.8238597699781872,0.014323887769067178,0.02168754553509219,True
15.48019,120,1822.252086,False,0.6003824740770668,0.010816589916046624,0.017375902588736447,True
15.965352,120,1828.63838,False,0.9750610281273183,0.014326263679930798,0.021380146450445007,True
15.957893,120,1834.475305,False,0.8321636873123983,0.008337760264965481,0.0167519372396012,True
16.274209,120,1840.028598,False,0.666647180710928,0.02443546855738645,0.02435505024518322,True
15.694016,120,1845.678521,False,0.48758077321164245,0.024331799804520136,0.0174725671464006,True
25.89364,114,1851.280319,True,0.9917492799325957,0.0120667899745937,0.0024689134534057596,True
26.413808,118,1856.922132,True,0.9877414260035206,0.01799481937955496,0.01116928527217417,True
25.752387,114,1862.613914,True,0.9887352692192845,0.02472615366470387,0.014274258236963747,True
21.679653,84,1866.871906,True,0.9949326013952463,0.005582953546593418,0.0008873065419675116,True
16.719042,120,1872.424197,False,0.9083249705166718,0.03133860875750499,0.02932841309455369,True
23.8908,103,1878.016175,True,0.9893330475366425,0.018730155159902454,0.02045940569161782,True
16.533331,120,1883.945019,False,0.8836636517840524,0.01163491057084215,0.004450461680367954,True
15.63494,120,1890.064916,False,0.6496431984736959,0.019065383220619563,0.015790512557146166,True
26.058571,114,1895.861125,True,0.986745930168098,0.016983411852788524,0.015206748216557429,True
15.400145,120,1901.634687,False,0.5470742581572259,0.026321114223651482,0.026376944426738973,True
16.519983,120,1907.798856,False,0.9206153305452177,0.005973292101645795,0.0089014196944974,True
16.468398,120,1913.11173,False,0.9583123988793953,0.01487525353136476,0.005697297225196794,True
16.216991,120,1919.48951,False,0.4982417339335834,0.009608795479338654,0.014281805142790139,True
15.615494,120,1925.865745,False,0.45140988877325994,0.009993034411858835,0.0204440231219113,True
16.246535,120,1932.300737,False,0.8582153016365704,0.01301450667641659,0.000247257945407464,True
16.057923,120,1938.780449,False,0.7032480792336271,0.012315872555638848,0.026126116003745432,True
15.50046,120,1945.165719,False,0.6684296647086494,0.028336341500528637,0.01570175507634246,True
16.379181,120,1951.521361,False,0.8761700605485782,0.011481881575302564,0.018604544451924776,True
16.425744,120,1957.584669,False,0.8832490913706411,0.02277794266863668,0.026947167975983618,True
15.90198,120,1963.785297,False,0.949070731691589,0.03270798501618551,0.02875215195694577,True
15.367041,120,1970.199136,False,0.6813974292790684,0.01945488210100212,0.014482223715372913,True
16.07781,120,1976.627913,False,0.7688086343596082,0.030758535863665785,0.015025772478535692,True
16.377475,120,2222.958842,False,0.5743779512106841,0.014229258227226439,0.01218050800302413,True
15.797823,120,2228.665304,False,0.5683910195639689,0.009755109871832363,0.002451260686490598,True
15.643558,120,2234.654994,False,0.4559255163183508,0.012648333889431318,0.01796330164770807,True
16.947031,120,2240.591107,False,0.9779648495804452,0.02114441012249352,0.02061812109595835,True
25.390267,114,2246.176962,True,0.9886257166557955,0.008773792167798805,0.017859464964925933,True
25.072574,108,2252.199037,True,0.9926144082815995,0.00288278290087118,0.0011108588391759442,True
23.356346,96,2256.785195,True,0.9929286092651287,0.01473354129547872,0.011953407645347313,True
24.742408,106,2262.097301,True,0.9855048526691373,0.0022195590755050925,0.004519607853818798,True
26.938802,120,2267.935408,True,0.9877971342227844,0.022405891375539645,0.012585225520772032,True
15.821254,120,2273.825738,False,0.7404894616674728,0.0155584846731802,0.017139738279676478,True
16.308334,120,2279.5172,False,0.703649040975806,0.006521449691423359,0.011780405073403706,True
15.589555,120,2284.886728,False,0.5464833732793212,0.011581742454252761,0.014551426253774572,True
16.538855,120,2290.421334,False,0.8529731678287681,0.01212207880547084,0.001356845134901269,True
16.272493,120,2296.242271,False,0.8619878271196313,0.011672492195011912,0.011657973116678554,True
16.430083,120,2301.920008,False,0.6454108801976944,0.00800756535481252,0.01279291683666069,True
16.186574,120,2307.575599,False,0.6303863798123189,0.03155580353301313,0.021796440110399006,True
16.423901,120,2313.050711,False,0.9838115451811841,0.014783100379553204,0.010224941878817895,True
16.119532,120,2318.910688,False,0.6040404912598583,0.005975400646347283,0.01535166114365996,True
16.219643,120,2324.63133,False,0.5683118529231557,0.037440017330288004,0.03853534939009231,True
20.430458,80,2327.937099,True,0.9910730019044102,0.01165228259158632,0.008662427114336582,True
15.879309,120,2333.590949,False,0.5164907810817321,0.005848237936766323,0.014168120140596329,True
15.751949,120,2339.516189,False,0.8855823430691314,0.007486022130708162,0.018340388189374716,True
15.836738,120,2345.310303,False,0.3475736174967393,0.0034991759656924797,0.0036432378203119903,True
26.146069,118,2350.953389,True,0.9877100521216817,0.012310607554893637,0.025035711537919846,True
15.969246,120,2356.795357,False,0.6236337870973381,0.01489747332387623,0.020956213855290565,True
22.477892,93,2361.355466,True,0.9921714325988978,0.007554995437498137,0.012915018239354457,True
15.902411,120,2367.362976,False,0.9430362424735904,0.010937507552419257,0.01306213172675703,True
19.641251,74,2370.998279,True,0.9961685513121841,0.014746953752867536,0.03459582772857237,True
24.987449,112,2376.148702,True,0.9857053039094976,0.01241939650898351,0.00956503348936334,True
24.932593,111,2381.489824,True,0.9871383096784129,0.022749873000075367,0.04711839910842887,True
23.615146,99,2386.288005,True,0.9900303979426378,0.02952492557866874,0.04020904261429345,True
15.976693,120,2392.098628,False,0.6527195433063404,0.013760153026065099,0.017214941457404372,True
23.526868,98,2396.94577,True,0.9857974188591029,0.012660780515810354,0.00018527018562102126,True
16.172547,120,2403.029035,False,0.9089067656905185,0.015600781015088997,0.011604608826887805,True
16.304654,120,2409.182886,False,0.6379041080848207,0.01918116622744507,0.023878635882553945,True
16.23604,120,2415.489576,False,0.7399756053134617,0.0066622245301168935,0.0014874518158744555,True
26.64852,119,2421.781456,True,0.9902404503194445,0.004941991079924403,0.009559863866348849,True
16.387963,120,2428.189235,False,0.5929304055605626,0.015832687995045554,0.006441140601947925,True
15.936714,120,2434.292544,False,0.5198966793877146,0.006210649908617404,0.013049193430501491,True
23.071638,92,2438.99194,True,0.9889689599574472,0.017495603493295143,0.004646136422170179,True
16.221018,120,2445.231997,False,0.6168851344815026,0.0218689094773523,0.021188681696975718,True
15.993969,120,2451.55703,False,0.41560040650946223,0.009312487199596015,0.0009364108512266796,True
16.390437,120,2457.682504,False,0.983898376529258,0.030696905559721127,0.03940103867156203,True
26.306684,117,2463.155882,True,0.9871155304775538,0.012375401946784981,0.00255072032705288,True
24.858295,107,2468.306735,True,0.9907454925926857,0.022009175528570825,0.006205644997452091,True
15.367125,120,2474.216631,False,0.32496898617340986,0.004669858557007082,0.007924206871196318,True
16.19581,120,2480.042656,False,0.7278751405666914,0.03010509780223664,0.018655437943764088,True
16.289715,120,2485.963592,False,0.5325006661427367,0.03261251644785117,0.055723014107208924,True
16.496577,120,2491.787454,False,0.7697965163715447,0.02035663488636026,0.0199998423626596,True
21.683024,86,2495.979666,True,0.9909768371639176,0.018868884991831925,0.009315123884147413,True
26.539774,117,2502.413222,True,0.990163814689637,0.02596491962683628,0.0018162641614341167,True
25.510431,115,2508.125213,True,0.9872051222068485,0.03361527334975602,0.04719882651636063,True
16.359651,120,2514.111235,False,0.7073273300000611,0.019197999143439972,0.010866155650969656,True
16.297272,120,2519.813122,False,0.873438637373956,0.005218129686219365,0.0060195683220440966,True
16.095334,120,2525.229444,False,0.742218982272125,0.0073133047636861175,0.017197223430266865,True
16.256018,120,2533.470457,False,0.8537964033707104,0.015629611386251893,0.012063389445138937,True
15.853905,120,2540.728627,False,0.40899103975410983,0.010861043650829542,0.009383208359377957,True
16.181535,120,2546.921927,False,0.8057036709489197,0.012447443687452752,0.005183943571868669,True
15.715935,120,2553.092536,False,0.49980572069235707,0.020383557395684166,0.020118257148021453,True
16.402535,120,2559.530997,False,0.8542695810737284,0.016010406884176508,0.005429809125239119,True
15.962883,120,2565.81607,False,0.39819731563969296,0.00825004324431242,0.0009695394852900592,True
16.397174,120,2573.180383,False,0.7639866722067472,0.03467101568677272,0.022031434817600667,True
25.796324,116,2579.411921,True,0.9855172557992146,0.02441315978841316,0.038750891680360465,True
16.675192,120,2585.871286,False,0.949845512602486,0.01682308629611313,0.013009104965398107,True
15.671636,120,2593.872643,False,0.7063879939200433,0.009881827715362902,0.013838349861927208,True
15.914108,120,2601.157084,False,0.9338638686100422,0.025336791934540026,0.03585653281477053,True
16.19054,120,2608.523937,False,0.7511889381346816,0.013682577139346177,0.02287478164650356,True
15.815247,120,2614.37183,False,0.6142325526490542,0.008102536012951097,0.006790560531472745,True
15.84472,120,2620.580083,False,0.5623330741668647,0.014504391632446326,0.02790343226041003,True
16.594338,120,2627.304349,False,0.8825494733906838,0.019654208085811163,0.01902965251295341,True
15.848447,120,2633.638023,False,0.6467462389828195,0.01243901615148515,0.025161176095240687,True
16.118571,120,2640.130805,False,0.7603937797129103,0.0189428745378597,0.030568971526146762,True
16.29135,120,2646.375033,False,0.9408801406387118,0.0033693030296686817,0.0030989367704685774,True
15.938335,120,2652.985924,False,0.50196395550689,0.009175088077043871,0.008845223723929126,True
16.583696,120,2659.643571,False,0.7481152503037652,0.010425142888670984,0.014990637382477856,True
22.427421,94,2664.76349,True,0.9927970707933425,0.03322716707554462,0.01970338964676826,True
16.371292,120,2671.084076,False,0.648958190706151,0.011674239135645656,0.0037981012541262716,True
16.42663,120,2677.645842,False,0.8374918221455134,0.02820639644696865,0.039236767721452896,True
15.498344,120,2684.17035,False,0.417038818734043,0.01738949984760802,0.007816327774489415,True
16.12643,120,2690.821632,False,0.5509365686986617,0.005048587765973481,0.014648953934758416,True
16.000751,120,2697.203036,False,0.5377328605218016,0.013005890534131564,0.0052312954324690835,True
24.767793,107,2702.441047,True,0.9913144057349703,0.005518168186746064,0.007317611850886728,True
16.108948,120,2708.656773,False,0.5746468769083407,0.020292093649394657,0.01600088652079573,True
15.706541,120,2714.915446,False,0.48374995355915273,0.01384875771244731,0.019372015377960686,True
23.955475,101,2721.481071,True,0.9929396368316922,0.016548424208863512,0.0222316696327871,True
15.767885,120,2729.677799,False,0.7223180298227081,0.014561793492824741,0.005918600332496471,True
16.466917,120,2735.902418,False,0.5945845537310128,0.018453836041066353,0.014572624166468874,True
16.325234,120,3005.430397,False,0.7867387970912011,0.008468138606076968,0.01620568864375859,True
20.070995,77,3009.532838,True,0.9872129293641678,0.033806867880681775,0.0249282182293767,True
24.090667,104,3014.539886,True,0.9932498320802744,0.038160928139959936,0.045048772473889706,True
25.073973,114,3020.497415,True,0.9999999733126186,0.039421199220141,0.013082642043548148,True
16.054835,120,3026.729056,False,0.3235399478591781,0.005381577431021487,0.0073164076765396095,True
15.987105,120,3032.951734,False,0.6685428034898223,0.01970477433964354,0.016020674331798657,True
23.346059,95,3038.168138,True,0.9880221543731001,0.025282239947181682,0.013292010128154856,True
16.559873,120,3044.343984,False,0.9360156206468361,0.021662214286969475,0.03345394469296701,True
15.60874,120,3050.524721,False,0.29757633860030697,0.01194364618840958,0.01364515099960085,True
23.813468,106,3055.957124,True,0.9873372034533422,0.026988691974148805,0.02791189871994501,True
25.76285,112,3061.568938,True,0.9884406720430375,0.013214513010015706,0.018755937790193692,True
16.334788,120,3067.879493,False,0.9313230889087779,0.03694350796547252,0.05473353436360723,True
16.142474,120,3074.089017,False,0.7723620097847749,0.006501658684859891,0.006120343655483818,True
16.588287,120,3080.455822,False,0.9425595899305818,0.016560372686013236,0.029635621665652107,True
15.878564,120,3086.523015,False,0.6680933217617789,0.006434974890693436,0.013428382220317395,True
16.300288,120,3092.777502,False,0.6304935349351568,0.018708127771093094,0.00937884848291759,True
15.729011,120,3099.134579,False,0.4358211187094859,0.014402103173889066,0.009141258024551565,True
16.525496,120,3105.601768,False,0.8912796987811469,0.009549971682381857,0.00649870107314956,True
15.735725,120,3111.977228,False,0.391690133121195,0.010638762349733164,0.005558405224468628,True
16.157395,120,3118.240794,False,0.7423463669939002,0.024306056258265336,0.04181635617262125,True
16.719907,120,3124.746855,False,0.8894214006493274,0.01086539606596803,0.0003336813635283023,True
23.921921,106,3130.661137,True,0.9868479041765604,0.032485007969657864,0.011203598795874231,True
25.584875,113,3137.07003,True,0.986881841490239,0.01983283424220045,0.0025768832128774165,True
16.142192,120,3143.732946,False,0.6613469300554762,0.04121082124520462,0.029280372917438752,True
16.341231,120,3150.365063,False,0.8469882419260328,0.025897118365437923,0.018648455321290662,True
15.882938,120,3156.978543,False,0.5469728733592161,0.020305667704196416,0.0281043219155029,True
15.655915,120,3164.106464,False,0.7401300347582694,0.012372757893915402,0.016116208862760523,True
16.483074,120,3170.780334,False,0.8383840149368421,0.030576125614645247,0.01711054916439741,True
19.52453,69,3174.54978,True,0.9984582731592704,0.027063209707337735,0.007722667264236885,True
23.695242,103,3179.666618,True,0.9866530478611206,0.03386723992317404,0.028071066459449796,True
26.673652,119,3185.761487,True,0.9878927653561147,0.019484103796310326,0.011278973354440223,True
15.755507,120,3192.08722,False,0.4468971459627431,0.008201949929614559,0.01203267287685068,True
16.049271,120,3198.418819,False,0.9331253538791564,0.01421704563389714,0.0031252455917346465,True
16.314206,120,3204.679192,False,0.5182233687971203,0.012003812950752816,0.002016231039392587,True
24.98251,106,3210.103063,True,0.9887307678884495,0.01322154072584632,0.0007810666053833655,True
16.579567,120,3216.318878,False,0.5553272864100475,0.017427246227164225,0.010850215810387144,True
22.374585,90,3221.126608,True,0.98777150718286,0.017041210030222898,0.020340436730083525,True
15.691412,120,3227.421458,False,0.46035647236535243,0.013251895672347474,0.011059014467826471,True
25.507541,114,3233.481419,True,0.9885861344511939,0.02760544422336336,0.015613261085624719,True
26.391446,120,3239.386004,True,0.9877107059408192,0.01309977050115892,0.002659968188460603,True
24.414392,101,3244.425106,True,0.9908723774881922,0.018058827995958208,0.009464933255808064,True
15.647369,120,3250.633648,False,0.36188778417810236,0.005181930439463823,0.004465065519034083,True
16.238514,120,3256.835199,False,0.46050018575289337,0.02026483711740695,0.013170649213193254,True
16.20799,120,3263.052582,False,0.47887726542348036,0.006274481253161656,0.008002362347490494,True
16.636445,120,3268.950176,False,0.8952322577826474,0.0281400868544784,0.044538630953591715,True
21.858737,86,3273.378562,True,0.9928805004244933,0.018386186018433292,0.0151868097184089,True
16.019777,120,3279.630131,False,0.7154002330762489,0.021540940094728223,0.03127598154016553,True
16.247361,120,3285.812576,False,0.593314763202002,0.01188899813925735,0.0066103041833265284,True
26.18196,118,3291.851154,True,0.9897688798014053,0.0144966834902176,0.02031606676907075,True
15.966679,120,3297.766198,False,0.5709925007359841,0.0035222938380145767,0.007214667200631451,True
16.485881,120,3303.93348,False,0.620585325464269,0.014428233065564355,0.0025675673848038517,True
16.221819,120,3310.231711,False,0.7350503423131859,0.017317943210185018,0.007929291653350936,True
15.379097,120,3316.496873,False,0.3883385797005508,0.00704117993640341,0.01571997725018395,True
16.780034,120,3322.837085,False,0.9666281276497735,0.018978649739115113,0.0063306073331077465,True
24.659064,113,3328.526909,True,0.9886577712829492,0.023050826015896704,0.027204033178241546,True
24.708158,105,3334.032229,True,0.9859478490957861,0.012213815778295825,0.013983945732211645,True
16.391788,120,3340.605316,False,0.6863035588978776,0.010671736907899746,0.00546350865973444,True
22.656278,99,3345.810835,True,0.9902521220867423,0.031376893010760736,0.03010068320054701,True
16.003455,120,3352.163679,False,0.6426327596364876,0.018645762825364474,0.02204376679395383,True
21.783372,91,3356.730807,True,0.9862567074696375,0.01746587456519659,0.023232107582559402,True
17.113884,120,3363.16144,False,0.9258006378253316,0.01824151591950428,0.0027298169154173864,True
16.493182,120,3369.76789,False,0.7278990577825373,0.01829030111904984,0.0087660208144421,True
24.320759,112,3375.959477,True,0.9915463446363539,0.01394148747853325,0.017822186058306315,True
16.613547,120,3382.65145,False,0.8163592390569305,0.017321612184731085,0.018861820147817808,True
25.885076,120,3389.021372,True,0.9999999911997685,0.03990953545356433,0.021952689990098303,True
25.527602,113,3395.272652,True,0.9890758871006544,0.017421887866309275,0.02541191800043359,True
24.394474,112,3401.603109,True,0.9887709860326778,0.005234039120734297,0.006220864316385701,True
15.815713,120,3408.169484,False,0.798431373657979,0.016958386351754933,0.032681502732541626,True
23.90901,103,3413.849302,True,0.9912559588299761,0.018846115386901816,0.01116100781282418,True
25.035204,108,3419.319591,True,0.9887875169752947,0.012738295647977915,0.017759518623668927,True
25.166957,109,3425.000484,True,0.9912457165614605,0.02144600752796976,0.0279309548694627,True
16.582944,120,3431.331065,False,0.7123222645918188,0.021613721094326348,0.01026021000519147,True
16.377383,120,3437.649597,False,0.7325187190022735,0.007208288104159005,0.008324057318895961,True
16.79763,120,3444.203019,False,0.9310252410117631,0.017999394218039515,0.008833799892982358,True
15.646692,120,3450.319502,False,0.5509892752609372,0.009035380885729957,0.0030789388104907616,True
21.499626,81,3454.460567,True,0.9902958330074069,0.02302340546609468,0.01120589824735015,True
15.47554,120,3460.734152,False,0.4555131323634505,0.011074840011420225,0.011412644104359014,True
16.372126,120,3466.90078,False,0.7043025993221047,0.020671869373766652,0.021730132813734253,True
16.183667,120,3473.218445,False,0.6286527320677459,0.00968353856920379,0.014246475714289442,True
16.768018,120,3479.081743,False,0.8340837955365642,0.010222395567742697,0.0165634199463288,True
16.821679,120,3485.091333,False,0.8061293614207931,0.00749819048313184,0.010332447743944732,True
22.357736,96,3490.073003,True,0.9858806931334879,0.015332721564059005,0.0045033436917594,True
21.124182,82,3494.313098,True,0.9887810536469467,0.021298073667459356,0.02069155948888592,True
22.269645,96,3499.237825,True,0.9920426982953486,0.01884083989766382,0.011118849593537901,True
15.745883,120,3505.396789,False,0.8461063797711444,0.008064137148569102,0.007286405702039629,True
16.579548,120,3511.570293,False,0.8028486341239551,0.008806211453250994,0.016493083655402092,True
15.546903,120,3517.820972,False,0.3955414054539402,0.014997225149580896,0.008479664477731871,True
16.045297,120,3523.733309,False,0.7629204435352677,0.007347157073015837,0.015906186469858613,True
16.24338,120,3784.908059,False,0.9788641705166464,0.020090705833283158,0.022114357867718048,True
24.096078,110,3790.773426,True,0.9881604870569518,0.030511979400988664,0.020533773126990246,True
15.669021,120,3797.057685,False,0.6427467763200395,0.021229098834964596,0.027162549625165462,True
24.892424,112,3802.733613,True,0.9867155515480258,0.03162798401672878,0.026139887593388946,True
16.344942,120,3808.880205,False,0.7226520754607753,0.01325809086226531,0.019721799622370983,True
16.511512,120,3815.088861,False,0.45939172804308936,0.02317860277949811,0.020060614586347385,True
16.471403,120,3821.474253,False,0.6816237420531125,0.024996007062269666,0.026607505352531504,True
15.82577,120,3827.864527,False,0.4461122747879997,0.008520446476011308,0.009998190267521596,True
22.157902,86,3832.28328,True,0.9942377361854292,0.020795452904780222,0.006557020616332361,True
16.162318,120,3838.760417,False,0.8345670765154001,0.021627317796982078,0.01426820874904418,True
16.929301,120,3845.332775,False,0.6936488513768722,0.010980456239043918,0.01451158652990916,True
22.370868,88,3850.212741,True,0.9923622426642589,0.022591335914433616,0.016442474405036454,True
22.794468,92,3855.308125,True,0.9852132173854719,0.02832476396326851,0.04499191134895117,True
16.618734,120,3861.762081,False,0.9781730686916846,0.009536891192757616,0.008525307514068332,True
15.750727,120,3868.750065,False,0.6110224446862729,0.008882350460084506,0.021273924352305365,True
16.515893,120,3876.069808,False,0.9185530249388977,0.016028015888022627,0.022021749793760495,True
16.407846,120,3884.763022,False,0.7519838368056352,0.019846595957704907,0.02485393086726638,True
16.808971,120,3895.577801,False,0.8599332175126952,0.012175369936519473,0.002574530057679808,True
15.939555,120,3902.115061,False,0.5396768576770755,0.0036153276526563524,0.00017603453773378013,True
16.118384,120,3908.445274,False,0.8840379657752351,0.013986914682058519,0.008477377568850735,True
26.119022,115,3915.746001,True,0.9915984841730594,0.019605689406941913,0.0007930135672724049,True
20.796712,78,3919.911835,True,0.9967337938784846,0.028614721927967633,0.026266737981575406,True
15.939372,120,3925.936404,False,0.4697857255411041,0.002293795241969183,0.0016083923585830638,True
16.00439,120,3932.100222,False,0.5230248100968472,0.010498422102954196,0.011463583952280889,True
24.910745,109,3937.941022,True,0.9892350224006131,0.021072280610743396,0.0003086735299832398,True
15.931762,120,3944.275831,False,0.5272370688962169,0.012753735281088212,0.00031497472230937804,True
16.727717,120,3950.504982,False,0.8010706794445732,0.011359817283851785,0.008770507500985297,True
15.740279,120,3956.633642,False,0.5895136708738171,0.0198799865504277,0.007190483135953296,True
15.686912,120,3962.8217,False,0.49754916538864497,0.003183694328440825,0.007445226896576033,True
15.567573,120,3968.987442,False,0.906394693306484,0.011433213473377066,0.01416302348468023,True
16.016154,120,3975.321965,False,0.5578464215507221,0.009098318498489178,0.0034604608397527294,True
16.229411,120,3981.404712,False,0.37689596190178437,0.010503899695425556,0.007732054348888338,True
16.103188,120,3987.605552,False,0.5721322207021379,0.01983292555309707,0.015852607336770724,True
20.622099,77,3991.626492,True,0.9903559359932083,0.03041259524367348,0.018348605051765932,True
16.092038,120,3997.731256,False,0.4751858387408017,0.008446160321567366,0.014311892221140475,True
16.090309,120,4003.826967,False,0.4676851947864273,0.011006799881703291,0.010608486021055857,True
15.953074,120,4009.906826,False,0.7096486015733646,0.012978429025597527,0.013646780707286123,True
16.186525,120,4016.155343,False,0.6512141036119425,0.01565170793603406,0.014017201835328537,True
25.591234,116,4022.377116,True,0.9880613832515854,0.01110600605496506,0.008832344080577873,True
15.911281,120,4028.756271,False,0.45150231659042206,0.010078626791794311,0.018430877494369943,True
16.156812,120,4034.503792,False,0.6178059344445124,0.006430025925336591,0.00818908706741264,True
16.267016,120,4040.464696,False,0.6407348602892698,0.010829888386145906,0.013911925905222977,True
26.003312,113,4045.890679,True,0.9889854272435566,0.01803642142764445,0.018114161665638045,True
15.79421,120,4051.786827,False,0.5986698495001622,0.01249413612023413,0.004420759972608578,True
23.131989,100,4056.715893,True,0.98740830159122,0.03276001306664706,0.03250593277853002,True
16.01088,120,4062.600689,False,0.46074459267507695,0.002532419148602097,0.002422712986223133,True
16.475222,120,4068.476551,False,0.6605204481514905,0.010407497427863985,0.0052363122251792805,True
16.393263,120,4074.111719,False,0.9356426907473668,0.0341497953000333,0.03609351410819344,True
16.037308,120,4080.421078,False,0.5215802639584056,0.02247168608991381,0.018128906592181984,True
15.55308,120,4086.713355,False,0.5069126122562415,0.013267849101936359,0.022538418506655146,True
25.062682,110,4092.580667,True,0.9899975364459448,0.03052585479175702,0.025996688614895593,True
17.014079,120,4098.927596,False,0.8891854406989766,0.020826095593385018,0.010354465371639046,True
15.956945,120,4104.960909,False,0.421109840400357,0.009636434559958634,0.0067517732552775725,True
22.26481,89,4109.69962,True,0.9925651091738742,0.010042152188411002,0.0061193965493411715,True
15.791444,120,4116.050629,False,0.5629598376371903,0.023481643263807597,0.017153688098366638,True
16.154511,120,4122.485509,False,0.9410473285245071,0.02287269356944959,0.035669569681178216,True
16.482886,120,4128.907518,False,0.7492923549637195,0.016820703787971167,0.0024146252386529677,True
16.071912,120,4134.970634,False,0.5840735981382067,0.0027644519499898843,0.002281995545059476,True
16.00625,120,4140.922204,False,0.5911883138033518,0.014674289784313583,0.006090968830855733,True
15.870713,120,4146.919057,False,0.37640684820193676,0.012527724915823357,0.020673768984148588,True
15.764936,120,4152.990849,False,0.9385839832773412,0.015301628164468678,0.03094985673495932,True
16.756401,120,4159.009367,False,0.7193670095455031,0.02043344604513342,0.01862007280856511,True
16.368511,120,4164.87851,False,0.7107872686222803,0.02010834271656879,0.007872374291060438,True
15.794592,120,4170.947257,False,0.7581692512416357,0.007491633733622136,0.015621624488250545,True
15.90799,120,4176.982862,False,0.7873634166014934,0.01910378394698554,0.026342993121777042,True
25.252108,112,4182.406199,True,0.9888357022988898,0.013722478606687146,0.02074453544416465,True
16.223598,120,4188.388389,False,0.8424206421210295,0.013587931799370866,0.018180056177837814,True
25.028499,109,4193.747205,True,0.9886916919816079,0.02616097112155845,0.04555671449816567,True
16.500968,120,4199.509567,False,0.6658610751722069,0.012557158073497918,0.014613286694223935,True
15.94611,120,4205.198047,False,0.7056172307291283,0.015450387978559571,0.006215149345648952,True
20.766407,77,4208.975371,True,0.9913528416602615,0.0205608166860918,0.016666281090023508,True
16.31006,120,4214.836267,False,0.8527723162635533,0.008113217927907921,0.011995458909179023,True
25.840604,119,4220.543493,True,0.9892549467973345,0.01701241747791444,0.013471189783758742,True
16.410561,120,4226.197547,False,0.7292366149683264,0.014594569453405282,0.004427447022021258,True
16.427912,120,4231.969581,False,0.9051671579095087,0.03167907152406491,0.032294284008514834,True
16.381062,120,4237.744436,False,0.5972758222928178,0.010022574544675103,0.01864532648473316,True
16.188791,120,4243.55488,False,0.7525063503772275,0.016447904991263553,0.001371722631330175,True
16.037372,120,4249.314534,False,0.6891441040325745,0.0029098291648504194,0.00529620614254473,True
16.199703,120,4255.04677,False,0.6163109444512325,0.00895043563386655,0.020662126919669524,True
16.437535,120,4261.069607,False,0.6343412410044192,0.007732837386262129,0.01851428773296302,True
16.581207,120,4267.492037,False,0.7903597677301574,0.01690643720628399,0.001963623915914769,True
22.302181,86,4271.717872,True,0.9951378093698703,0.014375360308239302,0.012608853593371777,True
15.990853,120,4277.442335,False,0.4387020728755756,0.01693340472979842,0.017987875165709776,True
16.806968,120,4283.108779,False,0.8592642387849148,0.008786603962180598,0.0038651641824682796,True
16.287374,120,4288.908448,False,0.8972347571520048,0.019153729944326774,0.028571885778563608,True
22.177658,90,4293.282401,True,0.9920352383668092,0.019137520147266246,0.013366674466235334,True
